app_id,market_hash_name,market_bucket_id
730,AK-47 | Redline (Battle-Scarred),1807209A02300438808080F803
730,Sticker | FaZe Clan | Copenhagen 2024,18B90930046205080010E238
730,Sticker | FaZe Clan | Shanghai 2024,18B909300462050800108C3E
730,Sticker | forZe eSports (Glitter) | Paris 2023,18B90930046205080010F933
730,Sticker | kyxsan | Shanghai 2024,18B90930046205080010F53F
730,Sticker | ropz | Shanghai 2024,18B90930046205080010E13F
730,Sticker | sjuush | Shanghai 2024,18B90930046205080010F13F
730,Sticker | Cerberus,18B9093004620408001015
730,AK-47 | Redline (Well-Worn),1807209A02300438AE8F85F703
730,Sticker | apEX (Champion) | Austin 2025,18B90930046205080010D749
730,Sticker | Bad News Eagles | Paris 2023,18B90930046205080010E433
730,Sticker | yuurih | Antwerp 2022,18B90930046205080010E42A
730,Sticker | donk | Copenhagen 2024,18B90930046205080010A73A
730,Sticker | zont1x | Shanghai 2024,18B90930046205080010C13F
730,Sticker | magixx (Champion) | Shanghai 2024,18B90930046205080010D942
730,Sticker | sh1ro (Champion) | Shanghai 2024,18B90930046205080010E142
730,Sticker | chopper (Champion) | Shanghai 2024,18B90930046205080010D542
730,Sticker | FaZe Clan | Antwerp 2022,18B90930046205080010AB29
730,Sticker | FaZe Clan | Paris 2023,18B909300462050800109434
730,Sticker | rain (Champion) | Antwerp 2022,18B90930046205080010F42D
730,AK-47 | Redline (Field-Tested),1807209A02300438A4E1F5F503
730,Sticker | Hot Rod Heat,18B90930046205080010CE3D
730,Charm | Hot Sauce,18CB0A3004A201040800100A
730,Sticker | Team EnVyUs | Cologne 2015,18B909300462050800108705
730,Sticker | compLexity Gaming | London 2018,18B90930046205080010CF17
730,Sticker | HellRaisers | Berlin 2019,18B90930046205080010D71F
730,Sticker | buster | Boston 2018,18B909300462050800108F16
730,Sticker | AdreN | Boston 2018,18B909300462050800108114
730,Sticker | Astralis | Antwerp 2022,18B90930046205080010C329
730,Sticker | Astralis (Holo) | 2020 RMR,18B90930046205080010EA24
730,Sticker | Astralis | 2020 RMR,18B90930046205080010E924
730,Dreams & Nightmares Case,18D2253004
730,Sealed Dead Hand Terminal,18BD283004
730,Fever Case,18DF363004
730,Revolution Case,1890263004
730,Operation Breakout Weapon Case,18B21F3004
730,Kilowatt Case,18A8263004
730,Recoil Case,18EE253004
730,Spectrum 2 Case,18B3223004
730,Gamma Case,188C213004
730,Revolver Case,18DA203004
730,Fracture Case,18DA243004
730,Chroma 2 Case,18F91F3004
730,Glove Case,18C0213004
730,Gamma 2 Case,18B9213004
730,Prisma 2 Case,18D7243004
730,Prisma Case,18F6233004
730,Sealed Genesis Terminal,18B8283004
730,Chroma 3 Case,1889213004
730,Clutch Case,18F7223004
730,Danger Zone Case,18C4233004
730,Gallery Case,18DB363004
730,Spectrum Case,18FF213004
730,Snakebite Case,188B253004
730,Paris 2023 Challengers Sticker Capsule,189B263004
730,Paris 2023 Legends Sticker Capsule,189A263004
730,CS20 Case,18BD243004
730,Paris 2023 Contenders Sticker Capsule,189C263004
730,Operation Broken Fang Case,18ED243004
730,Horizon Case,1882233004
730,Chroma Case,18DD1F3004
730,Operation Wildfire Case,18DB203004
730,"Music Kit | ALRT, DOPAMINE HIT",18A20A3004880162
730,Operation Vanguard Weapon Case,18BD1F3004
730,Operation Phoenix Weapon Case,18AB1F3004
730,Winter Offensive Weapon Case,18A91F3004
730,Shadow Case,18AA203004
730,"Music Kit | Denzel Curry, ULTIMATE",18A20A3004880145
730,Budapest 2025 Contenders Sticker Capsule,18E2283004
730,Sticker | G2 Esports (Glitter) | Paris 2023,18B90930046205080010F533
730,Shanghai 2024 Legends Autograph Capsule,18F2263004
730,Falchion Case,18FB1F3004
730,"StatTrak™ Music Kit | ALRT, DOPAMINE HIT",18A20A3004880162
730,"Music Kit | The Verkkars, EZ4ENCE",18A20A3004880127
730,Budapest 2025 Challengers Sticker Capsule,18E1283004
730,Budapest 2025 Legends Sticker Capsule,18E0283004
730,Sticker | Apeks (Glitter) | Paris 2023,18B909300462050800108934
730,Shattered Web Case,188C243004
730,Sealed Graffiti | Heart (Blood Red),18C40A30046205080010B80D
730,Sticker | s1mple (Holo) | Stockholm 2021,18B909300462050800108A28
730,Paris 2023 Legends Autograph Capsule,18A4263004
730,"Music Kit | PVRIS, Evergreen",18A20A300488015E
730,Sealed Graffiti | NaCl (Shark White),18C40A30046205080010C50D
730,Jackass Sticker Capsule,1881373004
730,Paris 2023 Challengers Autograph Capsule,18A5263004
730,Antwerp 2022 Legends Sticker Capsule,18E0253004
730,"Music Kit | bbno$, u mad!",18A20A300488013C
730,Sticker | Fire in the Hole (Holo),18B90930046205080010AD23
730,Copenhagen 2024 Legends Sticker Capsule,18BB263004
730,Souvenir Charm | Austin 2025 Highlight | AWP Shutdown,18CB0A300CA2010408001024
730,Rio 2022 Challengers Sticker Capsule,18FA253004
730,Sticker | Fnatic (Glitter) | Paris 2023,18B90930046205080010D133
730,Sticker | Flex,18B90930046205080010E13D
730,Souvenir Charm | Austin 2025 Highlight | Always Buy A Defuser,18CB0A300CA2010408001024
730,Austin 2025 Contenders Sticker Capsule,18FF273004
730,Sticker | High Heat,18B90930046205080010CD3D
730,"Music Kit | Selective Response, No Love Only Pleasure",18A20A300488015F
730,"Music Kit | Scarlxrd: King, Scar",18A20A3004880129
730,"Music Kit | borne, Give It To Me",18A20A3004880164
730,Sticker | FaZe Clan (Glitter) | Shanghai 2024,18B909300462050800108D3E
730,Rio 2022 Legends Sticker Capsule,18F9253004
730,Sticker | Scorch Loop,18B90930046205080010D33D
730,Austin 2025 Challengers Sticker Capsule,18FE273004
730,Sticker | Natus Vincere | 2020 RMR,18B909300462050800108D25
730,"Music Kit | Knock2, Make U SWEAT!",18A20A300488014A
730,Sticker | Complexity Gaming (Glitter) | Paris 2023,18B90930046205080010A534
730,Copenhagen 2024 Contenders Sticker Capsule,18BD263004
730,10 Year Birthday Sticker Capsule,18EF253004
730,"Music Kit | Perfect World, 花脸 Hua Lian (Painted Face)",18A20A3004880144
730,Sticker | Hot Pepper (Holo),18B90930046205080010DB50
730,"Music Kit | Scarlxrd, CHAIN$AW.LXADXUT.",18A20A3004880135
730,Sticker | Bolt Charge,18B90930046205080010CB3D
730,Paris 2023 Contenders Autograph Capsule,18A6263004
730,Sticker | Natus Vincere (Glitter) | Paris 2023,18B90930046205080010D533
730,Sealed Graffiti | Heart (Bazooka Pink),18C40A30046205080010B80D
730,Sticker | Boom Trail,18B90930046205080010D73D
730,Budapest 2025 Contenders Autograph Capsule,18F0283004
730,Austin 2025 Legends Sticker Capsule,18FD273004
730,Sticker | OG (Glitter) | Paris 2023,18B90930046205080010FD33
730,"Music Kit | Rad Cat, Reason",18A20A300488014B
730,Antwerp 2022 Challengers Sticker Capsule,18E1253004
730,Sticker | Natus Vincere | Paris 2023,18B90930046205080010D433
730,Sticker | Taste Bud,18B90930046205080010E83D
730,Sticker | Rainbow Route (Holo),18B90930046205080010D83D
730,"Music Kit | Juelz, Floorspace",18A20A300488015C
730,Sticker | MOUZ (Glitter) | Paris 2023,18B90930046205080010A134
730,Sticker | The MongolZ (Holo) | Paris 2023,18B90930046205080010AE34
730,Sticker | Vitality (Glitter) | Paris 2023,18B90930046205080010DD33
730,Sticker | Falcons | Budapest 2025,18B90930046205080010994A
730,Sticker | Bolt Strike,18B90930046205080010CA3D
730,Antwerp 2022 Contenders Autograph Capsule,18EC253004
730,Sticker | Team Spirit | Copenhagen 2024,18B90930046205080010E638
730,Sticker | WARNING,18B90930046205080010CC57
730,Sticker | Spirit | 2020 RMR,18B909300462050800108925
730,Sticker | Froggles (Holo),18B90930046205080010FE49
730,Sticker | OG (Holo) | 2020 RMR,18B90930046205080010FA24
730,Sticker | paiN Gaming (Glitter) | Paris 2023,18B909300462050800108134
730,Sticker | Scorch Loop (Reverse),18B90930046205080010CF3D
730,Antwerp 2022 Contenders Sticker Capsule,18E2253004
730,Patch | Hydra,18812430046205080010D623
730,Budapest 2025 Challengers Autograph Capsule,18EF283004
730,"Sticker | kyxsan (Foil, Ranked) | Cologne 2026",18B90930046205080010E758
730,"Music Kit | 3kliksphilip, Heading for the Source",18A20A300488013E
730,Sticker | Ivette,18B90930046205080010C207
730,Sealed Graffiti | Chabo,18C40A30046205080010F60C
730,Sticker | Boom (Foil) | 2020 RMR,18B90930046205080010B325
730,Sticker | FaZe | 2020 RMR,18B909300462050800108125
730,Sticker | Baby Medusa,18B909300462050800108E2E
730,Souvenir Charm | Austin 2025 Highlight | Cover Fire,18CB0A300CA2010408001024
730,"Music Kit | Juelz, Shooters",18A20A3004880140
730,"Music Kit | Humanity's Last Breath, Void",18A20A300488013F
730,2020 RMR Challengers,1888253004
730,"Sticker | saadzin (Foil, Ranked) | Cologne 2026",18B90930046205080010835A
730,Souvenir Charm | Austin 2025 Highlight | Quad Kill And A Clutch,18CB0A300CA2010408001024
730,Sticker | Heroic (Glitter) | Paris 2023,18B90930046205080010E133
730,Sticker | Liazz (Glitter) | Antwerp 2022,18B90930046205080010C12D
730,2020 RMR Legends,1887253004
730,Sticker | Jackass,18B90930046205080010C657
730,Sticker | Co Co Co,18B90930046205080010942E
730,Sticker | Cloud9 | Copenhagen 2024,18B90930046205080010F638
730,Sealed Graffiti | Worry (Shark White),18C40A30046205080010AD0D
730,Sticker | Safety First (Holo),18B90930046205080010F750
730,"Music Kit | Tree Adams and Ben Bromfield, M.U.D.D. FORCE",18A20A300488012E
730,Sticker | Monte (Glitter) | Paris 2023,18B909300462050800108D34
730,Souvenir Charm | Austin 2025 Highlight | Blocking B,18CB0A300CA2010408001024
730,Sticker | Clavis (Holo),18B909300462050800108B4A
730,Sticker | Team Liquid (Glitter) | Paris 2023,18B909300462050800109134
730,Sticker | Ribbon Tie,18B90930046205080010E73D
730,Sticker | FURIA (Glitter) | Paris 2023,18B90930046205080010D933
730,Sticker | Hydro Geyser,18B90930046205080010F23D
730,Souvenir Charm | Austin 2025 Highlight | Missed A Spot,18CB0A300CA2010408001024
730,Sticker | TYLOO | 2020 RMR,18B90930046205080010B925
730,Rio 2022 Contenders Sticker Capsule,18FB253004
730,Sticker | IEM | Cologne 2026,18B909300462050800108152
730,Sticker | Scavenger (Holo),18B90930046205080010FA1E
730,Sticker | Baby Cerberus,18B909300462050800108A2E
730,Copenhagen 2024 Contenders Autograph Capsule,18CB263004
730,Sticker | Hydro Stream,18B90930046205080010F33D
730,Sticker | Eternal Fire | Copenhagen 2024,18B909300462050800108639
730,Sticker | NiKo (Champion) | Cologne 2026,18B90930046205080010A657
730,Budapest 2025 Legends Autograph Capsule,18EE283004
730,Sticker | MOUZ (Embroidered) | Budapest 2025,18B90930046205080010A24A
730,Sticker | Eternal Fire | Antwerp 2022,18B90930046205080010D729
730,Sticker | Eyes of Farlow,18B90930046205080010ED49
730,Sealed Graffiti | Death Sentence (Shark White),18C40A30046205080010A20D
730,Sticker | Lorena,18B90930046205080010894A
730,Sticker | Boom Detonation (Glitter),18B90930046205080010D93D
730,"Sticker | donk (Glitter, Champion) | Shanghai 2024",18B90930046205080010DE42
730,Sticker | PGL (Glitter) | Antwerp 2022,18B90930046205080010F829
730,Sticker | Hydro Wave,18B90930046205080010F43D
730,Sticker | Lynn Vision | Copenhagen 2024,18B90930046205080010B239
730,Sticker | Natus Vincere | Copenhagen 2024,18B90930046205080010D638
730,Sticker | NiKo | Budapest 2025,18B90930046205080010EA4B
730,Sticker | m0NESY | Budapest 2025,18B90930046205080010E64B
730,Sticker | Chompers,18B90930046205080010E423
730,Sticker | Cone Zone (Holo),18B90930046205080010F250
730,Sticker | EZ,18B909300462050800109426
730,Sticker | Renegades (Holo) | 2020 RMR,18B90930046205080010B625
730,eSports 2013 Winter Case,18A51F3004
730,Sticker Capsule 2,18AC1F3004
730,Huntsman Weapon Case,18B11F3004
730,Sticker | Gold Web (Foil),18B90930046205080010A023
730,"Sticker | ZywOo (Holo, Champion) | Budapest 2025",18B90930046205080010C850
730,"Music Kit | The Verkkars & n0thing, Flashbang Dance",18A20A300488013D
730,"Music Kit | TWERL and Ekko & Sidetrack, Under Bright Lights",18A20A300488014C
730,Anubis Collection Package,1892263004
730,Sticker | Jackass (Holo),18B90930046205080010D657
730,Operation Riptide Case,18B6253004
730,Sticker | Copenhagen Flames (Holo) | Stockholm 2021,18B90930046205080010B327
730,Berlin 2019 Minor Challengers Autograph Capsule,18B3243004
730,Sticker | Boom (Holo) | 2020 RMR,18B90930046205080010B225
730,Shanghai 2024 Champions Autograph Capsule,18F5263004
730,"Music Kit | DRYDEN, Feel The Power",18A20A3004880147
730,Name Tag,18B0093004
730,Rio 2022 Legends Autograph Capsule,1883263004
730,"Music Kit | Perfect World, Ay Hey",18A20A3004880156
730,"Music Kit | Neck Deep, The Lowlife Pack",18A20A3004880134
730,Sticker | MOUZ (Holo) | Paris 2023,18B90930046205080010A234
730,Sticker | FURIA (Foil) | 2020 RMR,18B90930046205080010A725
730,Sticker | Clown Nose,18B90930046205080010E23D
730,Sticker | Coiled Strike,18B90930046205080010CF24
730,Sticker | Fluxo (Holo) | Paris 2023,18B90930046205080010AA34
730,Sticker | G2 Esports (Holo) | Paris 2023,18B90930046205080010F633
730,"Music Kit | Matt Levine, Drifter",18A20A3004880131
730,Sticker | Spirit (Holo) | 2020 RMR,18B909300462050800108A25
730,"Music Kit | Sam Marshall, Clutch",18A20A3004880153
730,Sticker | Team Liquid (Holo) | Paris 2023,18B909300462050800109234
730,Sticker | Tamara,18B90930046205080010C707
730,Sticker | Lucas (Holo),18B909300462050800108D4A
730,Sticker | Heckler,18B90930046205080010D050
730,Sticker | HObbit | Stockholm 2021,18B90930046205080010C228
730,Paris 2023 Champions Autograph Capsule,18A7263004
730,Sticker | BLAST.tv (Gold) | Paris 2023,18B90930046205080010B334
730,Sticker | Cutie (Holo),18B90930046205080010FC49
730,Sticker | Baby Fire Serpent,18B909300462050800108B2E
730,Stockholm 2021 Finalists Autograph Capsule,18D1253004
730,"Music Kit | Tigercub, The Perfume of Decay",18A20A3004880160
730,Sealed Graffiti | Heart (Monster Purple),18C40A30046205080010B80D
730,Sticker | Vice Cursor,18B90930046205080010F649
730,Patch | Wildfire,18812430046205080010D023
730,Sealed Graffiti | Cocky (Shark White),18C40A30046205080010C40D
730,Sealed Graffiti | Jump Shot (Shark White),18C40A30046205080010BC0D
730,Sticker | GO,18B909300462050800109E2E
730,Sticker | From The Deep (Glitter),18B90930046205080010EA3D
730,Sticker | Neo-Hold (Holo),18B90930046205080010F550
730,Sticker | Fnatic (Holo) | Paris 2023,18B90930046205080010D233
730,Sticker | Boom Blast (Glitter),18B90930046205080010DB3D
730,Sticker | Bomb On Board,18B90930046205080010E650
730,Sticker | Clavis,18B90930046205080010884A
730,Sealed Graffiti | Heart (Brick Red),18C40A30046205080010B80D
730,Sticker | Fluxo (Glitter) | Paris 2023,18B90930046205080010A934
730,Sticker | Boom Trail (Glitter),18B90930046205080010DC3D
730,CS:GO Weapon Case 2,18A41F3004
730,Sticker | IHC Esports (Holo) | Rio 2022,18B909300462050800109F2F
730,Operation Hydra Case,1880223004
730,Sticker | Ruby Stream (Lenticular),18B90930046205080010F53D
730,Sticker | Hands Off (Foil),18B90930046205080010824A
730,Sticker | kyousuke | Cologne 2026,18B90930046205080010DE52
730,Antwerp 2022 Challengers Autograph Capsule,18EB253004
730,Sticker | BIG | Stockholm 2021,18B909300462050800108A27
730,Sticker | Radiograph (Foil),18B90930046205080010DF57
730,Sticker | Lorena (Holo),18B909300462050800108C4A
730,Pinups Capsule,18D7203004
730,Sticker | Quick Peek,18B90930046205080010E53D
730,Sticker | Vitality (Foil) | 2020 RMR,18B90930046205080010DF24
730,"Music Kit | KILL SCRIPT, All Night",18A20A3004880149
730,Sticker | Team Liquid (Glitter) | Antwerp 2022,18B90930046205080010F029
730,Sticker | Wildcard (Holo) | Austin 2025,18B90930046205080010B043
730,Copenhagen 2024 Champions Autograph Capsule,18CC263004
730,"StatTrak™ Music Kit | Roam, Backbone",18A20A3004880124
730,Sticker | dupreeh (Glitter) | Paris 2023,18B909300462050800108E35
730,Budapest 2025 Champions Autograph Capsule,18F1283004
730,Sticker | Bolt Strike (Foil),18B90930046205080010DD3D
730,Sticker | Boner Snap (Holo),18B90930046205080010D557
730,Sticker | Natus Vincere (Holo) | Austin 2025,18B909300462050800108043
730,Sticker | Kimberly,18B90930046205080010C307
730,Sticker | Sico (Glitter) | Paris 2023,18B90930046205080010D637
730,Sticker | Natus Vincere (Glitter) | Shanghai 2024,18B90930046205080010FD3D
730,Sticker | 360 No Scope,18B90930046205080010BA33
730,Souvenir Charm | Cologne 2026 Highlight | soulfly 1v2 Clutch,18CB0A300CA2010408001054
730,Sticker | Radiograph,18B90930046205080010C857
730,"Music Kit | Sullivan King, Lock Me Up",18A20A3004880143
730,Austin 2025 Challengers Autograph Capsule,188C283004
730,Sticker | Zeused,18B90930046205080010AD2E
730,Sticker | Winding Scorch,18B90930046205080010D03D
730,"Music Kit | Daniel Sadowski, Dead Shot",18A20A3004880150
730,"StatTrak™ Music Kit | Skog, III-Arena",18A20A3004880126
730,Austin 2025 Legends Autograph Capsule,188B283004
730,Sticker | m0NESY | Austin 2025,18B90930046205080010B745
730,Sticker | karrigan | Copenhagen 2024,18B90930046205080010973A
730,Sticker | Go Boom (Glitter),18B90930046205080010B02E
730,Shanghai 2024 Legends Sticker Capsule,18E4263004
730,Sticker | G2 (Holo) | 2020 RMR,18B90930046205080010F624
730,Sticker | Winding Scorch (Foil),18B90930046205080010E03D
730,Sticker | FaZe Clan (Glitter) | Antwerp 2022,18B90930046205080010AC29
730,"Music Kit | ISOxo, inhuman",18A20A3004880148
730,"StatTrak™ Music Kit | Knock2, Make U SWEAT!",18A20A300488014A
730,Sticker | GamerLegion (Glitter) | Paris 2023,18B909300462050800108534
730,Sticker | 100 Thieves (Holo) | 2020 RMR,18B90930046205080010A225
730,Copenhagen 2024 Challengers Sticker Capsule,18BC263004
730,Sticker | CT Tracks (Glitter),18B90930046205080010F749
730,"StatTrak™ Music Kit | The Verkkars, EZ4ENCE",18A20A3004880127
730,Sticker | Gold Web,18B909300462050800109923
730,"Music Kit | Meechy Darko, Gothic Luxury",18A20A3004880142
730,"Music Kit | Altare, Change My Mind",18A20A3004880163
730,Sticker | Chrome Dome (Holo),18B90930046205080010FB49
730,"Music Kit | Repiet & Julia Kleijn, On And On",18A20A3004880166
730,"Music Kit | Various Artists, Hotline Miami",18A20A300488010F
730,Community Sticker Capsule 1,18B01F3004
730,Sticker | SAW | Copenhagen 2024,18B909300462050800109239
730,Sealed Graffiti | GGEZ (Wire Blue),18C40A30046205080010B00D
730,"StatTrak™ Music Kit | Beartooth, Aggressive",18A20A3004880120
730,Sticker | Drug War Veteran,18B909300462050800108402
730,Rio 2022 Challengers Autograph Capsule,1884263004
730,Sticker | Kill Count,18B90930046205080010BF26
730,Sticker | First Lap (Holo),18B90930046205080010F450
730,"Music Kit | James and the Cold Gun, Chewing Glass",18A20A300488015A
730,Sticker | PGL (Holo) | Antwerp 2022,18B90930046205080010F929
730,Sticker | ENCE (Glitter) | Paris 2023,18B909300462050800109934
730,Berlin 2019 Legends Autograph Capsule,18B1243004
730,2020 RMR Contenders,1889253004
730,Sealed Graffiti | Double (Shark White),18C40A30046205080010A60D
730,Sticker | Ninjas in Pyjamas (Glitter) | Paris 2023,18B90930046205080010F133
730,Sticker | Vitality (Holo) | Rio 2022,18B90930046205080010872F
730,Austin 2025 Champions Autograph Capsule,188E283004
730,Sticker | Cloud9 (Glitter) | Antwerp 2022,18B90930046205080010A429
730,Sealed Graffiti | Speechless (Shark White),18C40A30046205080010A90D
730,Sticker | Censored,18B90930046205080010C057
730,Sticker | s1mple | Stockholm 2021,18B909300462050800108928
730,Sticker | Gonna Leave A Mark (Holo),18B90930046205080010D757
730,"Sticker | nota (Foil, Ranked) | Cologne 2026",18B909300462050800108559
730,Sticker | kyousuke (Champion) | Cologne 2026,18B90930046205080010B657
730,Antwerp 2022 Legends Autograph Capsule,18EA253004
730,Sealed Graffiti | King Me (Shark White),18C40A30046205080010A40D
730,Sticker | Agent Kucumber,18B90930046205080010CB50
730,Sticker | Ruby Wave (Lenticular),18B90930046205080010F63D
730,eSports 2014 Summer Case,18B31F3004
730,Sticker | Bolt Charge (Foil),18B90930046205080010DE3D
730,Sticker | 100 Thieves (Gold) | 2020 RMR,18B90930046205080010A425
730,Sticker | FURIA (Holo) | Antwerp 2022,18B90930046205080010A929
730,Sticker | Please Be Patient,18B90930046205080010BA57
730,Sticker | Legacy (Holo) | Cologne 2026,18B90930046205080010B351
730,Sticker | Evil Geniuses (Holo) | 2020 RMR,18B909300462050800109E25
730,Sticker | Censored (Foil),18B90930046205080010DD57
730,"Sticker | magixx (Holo, Champion) | Shanghai 2024",18B90930046205080010DB42
730,Berlin 2019 Returning Challengers Autograph Capsule,18B2243004
730,Sticker | Counter-Tech,18B909300462050800109823
730,Sticker | 3DMAX (Foil) | Austin 2025,18B909300462050800109343
730,Sticker | paiN Gaming (Holo) | Paris 2023,18B909300462050800108234
730,Sticker | Kawaii Eyes (Glitter),18B90930046205080010E93D
730,Sticker | Entropiq | Stockholm 2021,18B90930046205080010A627
730,"Sticker | Legacy (Holo, Ranked) | Cologne 2026",18B909300462050800108858
730,"Music Kit | Pirapus, EVERYNITE",18A20A3004880165
730,"Music Kit | Jonathan Young, Starship Velociraptor",18A20A300488015B
730,Guardian 3 Pin,18EB2F3004
730,Sticker | Bolt Energy (Foil),18B90930046205080010DF3D
730,Sticker | Eternal Fire (Glitter) | Copenhagen 2024,18B909300462050800108739
730,Sticker | T Tracks (Glitter),18B90930046205080010F949
730,Sealed Graffiti | Piggles (Princess Pink),18C40A30046205080010C20D
730,Sealed Graffiti | Eco (Shark White),18C40A30046205080010A70D
730,"Music Kit | Ghost, Skeletá",18A20A3004880158
730,Sticker | Cloud9 | Antwerp 2022,18B90930046205080010A329
730,Sticker | Boom Detonation,18B90930046205080010D43D
730,Sticker | FaZe Clan (Holo) | Budapest 2025,18B90930046205080010D74A
730,Sticker | Ethereal Gaze (Foil),18B90930046205080010CD33
730,Sticker | FaZe Clan (Holo) | Paris 2023,18B909300462050800109634
730,Stockholm 2021 Legends Sticker Capsule,18C3253004
730,StatTrak™ Swap Tool,18AC0A3004
730,Sticker | Extermination,18B90930046205080010B823
730,Sealed Graffiti | Heart (Princess Pink),18C40A30046205080010B80D
730,Sticker | STYKO (Holo) | Paris 2023,18B90930046205080010F736
730,Sticker | Hypnoteyes (Holo),18B90930046205080010F13D
730,Sticker | NiKo | Paris 2023,18B909300462050800109136
730,Sealed Graffiti | Piggles (Brick Red),18C40A30046205080010C20D
730,Sticker | mzinho | Cologne 2026,18B90930046205080010EE52
730,Sticker | TYLOO (Holo) | 2020 RMR,18B90930046205080010BA25
730,Sticker | G2 esports (Holo) | Budapest 2025,18B90930046205080010AB4A
730,"StatTrak™ Music Kit | Neck Deep, Life's Not Out To Get You",18A20A3004880123
730,Copenhagen 2024 Legends Autograph Capsule,18C9263004
730,"Music Kit | Knock2, dashstar*",18A20A3004880141
730,Stockholm 2021 Champions Autograph Capsule,18D0253004
730,Shanghai 2024 Contenders Autograph Capsule,18F4263004
730,Sticker | Raptors,18B909300462050800109849
730,Sticker | Aurora | Cologne 2026,18B909300462050800109551
730,Sticker | Digi-Strike (Lenticular),18B90930046205080010854A
730,Sticker | FaZe Clan (Glitter) | Paris 2023,18B909300462050800109534
730,Sticker | Cloud9 (Gold) | Antwerp 2022,18B90930046205080010A629
730,Sticker | JamYoung | Cologne 2026,18B90930046205080010A256
730,Sticker | Clown Wig,18B90930046205080010E33D
730,Sticker | tarik | London 2018,18B90930046205080010BB18
730,Sticker | Team Liquid (Holo) | Stockholm 2021,18B90930046205080010EB26
730,Sticker | Senzu (Holo) | Austin 2025,18B90930046205080010D544
730,Sticker | ENCE (Holo) | Rio 2022,18B90930046205080010CB2E
730,Canals Pin,18EC2F3004
730,Sticker | Call Your Flashes,18B90930046205080010912E
730,Sticker | Vitality (Holo) | Paris 2023,18B90930046205080010DE33
730,Sticker | Unicorn (Holo),18B90930046205080010F002
730,Sticker | donk (Champion) | Shanghai 2024,18B90930046205080010DD42
730,Sticker | Lucas,18B909300462050800108A4A
730,Sticker | JamYoung | Budapest 2025,18B90930046205080010BE4D
730,Sticker | Into The Breach (Holo) | Paris 2023,18B90930046205080010EA33
730,Sticker | 00 Nation | Rio 2022,18B90930046205080010892F
730,Sticker | decenty (Glitter) | Shanghai 2024,18B90930046205080010CE42
730,Copenhagen 2024 Challengers Autograph Capsule,18CA263004
730,Sticker | donk | Austin 2025,18B90930046205080010BF44
730,Sealed Graffiti | Still Happy (Battle Green),18C40A30046205080010BB0D
730,Sealed Graffiti | King Me (Tracer Yellow),18C40A30046205080010A40D
730,Sticker | Evidence (Holo),18B90930046205080010FD49
730,Sealed Graffiti | Rage Mode (Battle Green),18C40A30046205080010AE0D
730,Sticker | MIBR (Holo) | Budapest 2025,18B90930046205080010CB4A
730,Sealed Graffiti | Sorry (Shark White),18C40A30046205080010C60D
730,Sticker | G2 Esports (Glitter) | Shanghai 2024,18B90930046205080010F93D
730,Sticker | Natus Vincere (Foil) | 2020 RMR,18B909300462050800108F25
730,Sticker | KOI (Glitter) | Copenhagen 2024,18B90930046205080010AB39
730,CS:GO Weapon Case 3,18AA1F3004
730,Sticker | B8 (Holo) | Budapest 2025,18B90930046205080010DB4A
730,"Sticker | BIG (Holo, Ranked) | Cologne 2026",18B90930046205080010A058
730,Sticker | Dragon Lore (Foil),18B90930046205080010AA23
730,Sticker | From The Deep,18B90930046205080010A724
730,Sticker | Fluxo (Gold) | Paris 2023,18B90930046205080010AB34
730,Sticker | Loving Eyes (Holo),18B90930046205080010CE38
730,"StatTrak™ Music Kit | bbno$, u mad!",18A20A300488013C
730,Sealed Graffiti | Piggles (Bazooka Pink),18C40A30046205080010C20D
730,Sticker | StarLadder (Holo) | Budapest 2025,18B90930046205080010934B
730,Sticker | Ouchie (Foil),18B90930046205080010C138
730,Antwerp 2022 Champions Autograph Capsule,18ED253004
730,Sticker | FalleN | Budapest 2025,18B90930046205080010B64B
730,"Sticker | donk (Holo, Champion) | Shanghai 2024",18B90930046205080010DF42
730,Sticker | Assassin (Holo),18B90930046205080010BF23
730,Sticker | Flick Shotter,18B909300462050800108229
730,Sticker | Boom Epicenter (Glitter),18B90930046205080010DA3D
730,Sticker | Bolt Energy,18B90930046205080010CC3D
730,Sealed Graffiti | Heart (War Pig Pink),18C40A30046205080010B80D
730,Sticker | Phoenix Balaclava Co. (Holo),18B909300462050800108F29
730,Sticker | Cedar Creek (Holo),18B90930046205080010D138
730,Sticker | Natus Vincere (Holo) | Stockholm 2021,18B90930046205080010E326
730,Sticker | Gen.G (Holo) | 2020 RMR,18B90930046205080010AE25
730,Sticker | dexter | Paris 2023,18B90930046205080010DD37
730,Shanghai 2024 Contenders Sticker Capsule,18E6263004
730,Sticker | Lotus (Glitter),18B90930046205080010D338
730,Sticker | Complexity Gaming (Holo) | Paris 2023,18B90930046205080010A634
730,Sticker | Vitality (Holo) | Austin 2025,18B90930046205080010EC42
730,"Music Kit | ShockOne, Voices",18A20A3004880167
730,Sticker | Legacy (Holo) | Austin 2025,18B90930046205080010E843
730,Sticker | Killjoy,18B90930046205080010BA23
730,Sticker | Broken Fang (Holo),18B90930046205080010D424
730,Sticker | apEX (Holo) | Paris 2023,18B909300462050800108B35
730,Sticker | Virtus.pro (Foil) | 2020 RMR,18B909300462050800109725
730,"StatTrak™ Music Kit | Hundredth, FREE",18A20A3004880122
730,Sticker | Lucas (Foil),18B90930046205080010904A
730,Ambush Sticker Capsule,18A9263004
730,Katowice 2019 Minor Challengers Autograph Capsule,18ED233004
730,Stockholm 2021 Contenders Sticker Capsule,18C5253004
730,Sticker | Blue Gem (Glitter),18B90930046205080010AF2E
730,Stockholm 2021 Challengers Sticker Capsule,18C4253004
730,Sticker | Taste Buddy (Holo),18B90930046205080010EC3D
730,Death Sentence Pin,18EE2F3004
730,Sticker | Radiograph (Holo),18B90930046205080010D957
730,Sticker | 3DMAX (Glitter) | Shanghai 2024,18B90930046205080010953E
730,"Music Kit | HEALTH, RAT WARS",18A20A3004880159
730,Sticker | PARIVISION (Holo) | Budapest 2025,18B90930046205080010E74A
730,Sticker | Falcons (Holo) | Budapest 2025,18B909300462050800109B4A
730,Sticker | Cloud9 (Glitter) | Copenhagen 2024,18B90930046205080010F738
730,"Sticker | apEX (Gold, Champion) | Budapest 2025",18B90930046205080010B950
730,Sticker | m0NESY (Champion) | Cologne 2026,18B90930046205080010AE57
730,Sticker | Baby Howl,18B909300462050800108C2E
730,Sticker | Kawaii Killer CT,18B90930046205080010B401
730,Sticker | Lemin,18B90930046205080010D150
730,CS20 Sticker Capsule,18BE243004
730,Sticker | NiKo | Austin 2025,18B90930046205080010AF45
730,Sealed Graffiti | Ivette,18C40A30046205080010FA0C
730,Sticker | Eyes In The Sky (Foil),18B90930046205080010804A
730,Sticker | Good As New (Foil),18B90930046205080010814A
730,London 2018 Minor Challengers Autograph Capsule,18BA233004
730,Sticker | Mister Chief,18B90930046205080010BC23
730,Sticker | Approaching Site (Foil),18B90930046205080010BD2E
730,Sticker | Kawaii T (Holo),18B90930046205080010B62E
730,"StatTrak™ Music Kit | Scarlxrd: King, Scar",18A20A3004880129
730,Sealed Graffiti | Welcome to the Clutch,18C40A30046205080010970D
730,Welcome to the Clutch Pin,18ED2F3004
730,Sticker | 9INE (Holo) | Paris 2023,18B90930046205080010EE33
730,X-Ray P250 Package,18BC243004
730,Sticker | Say Cheese (Holo),18B90930046205080010EB3D
730,Sticker | AMKAL ESPORTS (Glitter) | Copenhagen 2024,18B90930046205080010A339
730,Sticker | FURIA (Holo) | Paris 2023,18B90930046205080010DA33
730,Sticker | Skull Bunny (Glitter),18B90930046205080010D357
730,Sticker | Lord of Skulls (Holo),18B909300462050800109124
730,"Warhammer 40,000 Adeptus Astartes Sticker Capsule",18E5363004
730,Berlin 2019 Minor Challengers (Holo-Foil),18B0243004
730,CS:GO Graffiti Box,18BD213004
730,Sticker | SAW (Glitter) | Copenhagen 2024,18B909300462050800109339
730,Sticker | Virtus.Pro (Foil) | Austin 2025,18B909300462050800109743
730,Sticker | Lorena (Foil),18B909300462050800108F4A
730,Sticker | Gambit Gaming (Holo) | Stockholm 2021,18B90930046205080010EF26
730,Sticker Capsule,18A71F3004
730,"StatTrak™ Music Kit | borne, Give It To Me",18A20A3004880164
730,Sticker | Battle Scarred,18B90930046205080010CD24
730,"Sticker | Team Spirit (Holo, Ranked) | Cologne 2026",18B90930046205080010FF57
730,Sticker | ZZZAP! (Holo),18B90930046205080010DB57
730,2021 Community Sticker Capsule,18AE253004
730,"StatTrak™ Music Kit | Pirapus, EVERYNITE",18A20A3004880165
730,Sticker | Imperial Esports (Holo) | Antwerp 2022,18B90930046205080010D129
730,Sealed Graffiti | Sheriff (Violent Violet),18C40A30046205080010B60D
730,Sticker | WARNING (Foil),18B90930046205080010E057
730,Sticker | GamerLegion (Holo) | Paris 2023,18B909300462050800108634
730,Sticker | Techno4K (Glitter) | Antwerp 2022,18B90930046205080010B52D
730,Sticker | Born To Peek (Foil),18B90930046205080010BB57
730,Sticker | Splyce (Holo) | MLG Columbus 2016,18B90930046205080010F407
730,Sticker | Summer | Shanghai 2024,18B90930046205080010AD42
730,Sticker | Outsiders (Glitter) | Rio 2022,18B90930046205080010A62F
730,Sticker | Heroic (Holo) | Paris 2023,18B90930046205080010E233
730,"StatTrak™ Music Kit | ISOxo, inhuman",18A20A3004880148
730,Sticker | donk | Budapest 2025,18B909300462050800109E4C
730,Sticker | Aleksib (Holo) | Shanghai 2024,18B909300462050800108F3F
730,Sticker | Kawaii CT (Holo),18B90930046205080010B52E
730,Sticker | Nemiga (Holo) | 2020 RMR,18B909300462050800109225
730,Sticker | Team Liquid (Holo) | Budapest 2025,18B90930046205080010BB4A
730,Sealed Graffiti | Piggles (Blood Red),18C40A30046205080010C20D
730,Shanghai 2024 Challengers Autograph Capsule,18F3263004
730,Sticker | Apeks (Holo) | Paris 2023,18B909300462050800108A34
730,Shanghai 2024 Challengers Sticker Capsule,18E5263004
730,"Sticker | Aleksib (Holo, Champion) | Copenhagen 2024",18B90930046205080010B93D
730,Sticker | Snax | Copenhagen 2024,18B90930046205080010F73B
730,Sticker | Drukhari 1,18B90930046205080010D349
730,Sticker | SunPayus | Austin 2025,18B90930046205080010FB46
730,Operation Bravo Case,18A31F3004
730,Sticker | Crimson Web Poison Frog (Foil),18B90930046205080010B926
730,Sticker | IHC Esports | Rio 2022,18B909300462050800109D2F
730,Sticker | Ninjas in Pyjamas (Holo) | Paris 2023,18B90930046205080010F233
730,Sticker | Infinite Triangle (Holo),18B90930046205080010C833
730,Austin 2025 Contenders Autograph Capsule,188D283004
730,Sticker | Mahjong Fa,18B90930046205080010DF12
730,Sticker | G2 Esports (Holo) | Stockholm 2021,18B90930046205080010F326
730,"Music Kit | Sam Marshall, Bodacious",18A20A3004880130
730,Sticker | Ultramarines,18B909300462050800108F49
730,Sticker | S1ren | Austin 2025,18B90930046205080010CB47
730,Sticker | Cbbl (Holo),18B90930046205080010B12E
730,Sticker | Turbo Peek (Foil),18B90930046205080010FB50
730,Sticker | Falcons (Embroidered) | Budapest 2025,18B909300462050800109A4A
730,Half-Life: Alyx Sticker Capsule,18D6243004
730,Sticker | Bomb Planted (Holo),18B90930046205080010FA49
730,Clutch Case Key,18DD0A3004
730,Sticker | First Blood,18B90930046205080010F01E
730,Sealed Graffiti | Keep the Change (Battle Green),18C40A30046205080010A50D
730,Sticker | Natus Vincere (Holo) | Antwerp 2022,18B90930046205080010B529
730,Sticker | XD,18B90930046205080010E63D
730,Sticker | MIBR (Holo) | Shanghai 2024,18B90930046205080010BE3E
730,"Warhammer 40,000 Sticker Capsule",1888243004
730,Sticker | FaZe Clan | Stockholm 2021,18B90930046205080010B627
730,Sticker | Lynn Vision (Foil) | Austin 2025,18B90930046205080010E343
730,Sticker | Green's Problem,18B90930046205080010A02E
730,Sticker | Fly High,18B90930046205080010EE23
730,Sticker | Virtus.pro | Copenhagen 2024,18B90930046205080010DA38
730,Sticker | Free Hugs,18B90930046205080010F21E
730,Sticker | Skull Bunny,18B90930046205080010CA57
730,Sticker | Juice Box (Holo),18B90930046205080010D850
730,Sticker | Monster,18B90930046205080010A22E
730,Sticker | BetBoom (Foil) | Austin 2025,18B90930046205080010C343
730,Sticker | FURIA (Glitter) | Copenhagen 2024,18B90930046205080010FF38
730,Perfect World Sticker Capsule 1,18B4223004
730,CS:GO Patch Pack,1882243004
730,Sticker | Rush More,18B90930046205080010A82E
730,Sticker | Perfect World (Glitter) | Shanghai 2024,18B90930046205080010D93E
730,Sticker | NiKo | Antwerp 2022,18B90930046205080010D82B
730,Sticker | Battle Scarred (Holo),18B90930046205080010D324
730,Sticker | Neon MVP (Lenticular),18B90930046205080010864A
730,Sticker | bLitz | Antwerp 2022,18B90930046205080010A42D
730,Sticker | Team Liquid (Holo) | Austin 2025,18B909300462050800108843
730,Sticker | Gold Teef (Foil),18B90930046205080010ED3D
730,Sealed Graffiti | Take Flight (Shark White),18C40A30046205080010C80D
730,Sticker | Natus Vincere (Holo) | Paris 2023,18B90930046205080010D633
730,Sealed Graffiti | GGEZ (Shark White),18C40A30046205080010B00D
730,Sticker | Cluck,18B90930046205080010EE1E
730,Sticker | Explosives,18B90930046205080010C157
730,Sticker | B8 (Embroidered) | Budapest 2025,18B90930046205080010DA4A
730,Sticker | FlyQuest (Foil) | Austin 2025,18B90930046205080010CF43
730,Sticker | 9INE (Glitter) | Paris 2023,18B90930046205080010ED33
730,Halo Capsule,18F5233004
730,Sealed Graffiti | QQ (Shark White),18C40A30046205080010AA0D
730,Sealed Graffiti | Cocky (Brick Red),18C40A30046205080010C40D
730,Sticker | FaZe (Holo) | 2020 RMR,18B909300462050800108225
730,Sticker | isak | Paris 2023,18B90930046205080010D936
730,Sticker | FaZe Clan (Holo) | Stockholm 2021,18B90930046205080010B727
730,Sticker | Cloud9 G2A | Cologne 2015,18B909300462050800108105
730,Sticker | torzsi (Glitter) | Copenhagen 2024,18B90930046205080010D83A
730,Sticker | Dirty Money,18B90930046205080010B723
730,Souvenir Charm | Budapest 2025 Highlight | ZywOo vs Spirit on Dust II,18CB0A300CA2010408001053
730,Sticker | G2 Esports (Glitter) | Antwerp 2022,18B90930046205080010BC29
730,Sticker | Vitality (Holo) | Berlin 2019,18B90930046205080010E41F
730,Sticker | The Ninja,18B90930046205080010E507
730,Sticker | Renegades | Stockholm 2021,18B90930046205080010A227
730,Sticker | Dark Angels,18B909300462050800109049
730,Sticker | Liquid (Holo) | 2020 RMR,18B90930046205080010AA25
730,Sticker | Nemiga | 2020 RMR,18B909300462050800109125
730,Sticker | Apeks | Paris 2023,18B909300462050800108834
730,Sticker | MIBR (Glitter) | Shanghai 2024,18B90930046205080010BD3E
730,Sticker | ropz (Champion) | Budapest 2025,18B90930046205080010C250
730,Sticker | Virtus.Pro | Stockholm 2021,18B90930046205080010AE27
730,Sealed Graffiti | Rage Mode (Shark White),18C40A30046205080010AE0D
730,Patch | Vortigaunt,18812430046205080010F023
730,Sticker | Pushing Smokes (Glitter),18B90930046205080010D238
730,Sealed Graffiti | Loser (Shark White),18C40A30046205080010B50D
730,Sticker | ESPADA (Holo) | 2020 RMR,18B909300462050800109A25
730,Sticker | Fresh Cut,18B90930046205080010CE50
730,Sticker | Ax1Le | Rio 2022,18B90930046205080010AA31
730,Sticker | Vitality (Glitter) | Copenhagen 2024,18B90930046205080010EB38
730,Sticker | BLAST.tv (Holo) | Paris 2023,18B90930046205080010B234
730,Bestiary Capsule,18BB213004
730,Sticker | GamerLegion | Shanghai 2024,18B90930046205080010B83E
730,Sealed Graffiti | Worry (Jungle Green),18C40A30046205080010AD0D
730,Sticker | Imperial Esports | Copenhagen 2024,18B909300462050800109A39
730,Sticker | Enemy Spotted,18B90930046205080010D024
